{
  "state_01": [
    -0.013147,
    -0.01684,
    -0.01345,
    -0.04678,
    -0.064872,
    -0.056498,
    0.0,
    -0.011802,
    -0.012716,
    -0.013236,
    -0.049953,
    -0.054431,
    -0.043914,
    0.0
  ],
  "state_99": [
    0.01829,
    0.015281,
    0.013913,
    0.042102,
    0.082093,
    0.070745,
    1.0,
    0.017105,
    0.016415,
    0.013265,
    0.045434,
    0.082834,
    0.057147,
    1.0
  ]
}