{
  "state_01": [
    -0.6554291379451752,
    -0.8393936741352082,
    -1.1224250507354736,
    -2.758119349479675,
    -1.5168139219284058,
    1.5948986864089967
  ],
  "state_99": [
    1.413572597503662,
    1.483657522201538,
    0.5437430548667908,
    -0.6839239501953125,
    0.4972469240427017,
    3.1217829513549806
  ]
}