{
  "state_01": [
    -0.012822139486670494,
    -0.015916233807802202,
    -0.012903634309768677,
    -0.04642088234424591,
    -0.06583146244287491,
    -0.055581030584871766,
    0.0,
    -0.01069629579782486,
    -0.010512991994619369,
    -0.012704777121543885,
    -0.039344923384487626,
    -0.050644690841436385,
    -0.04571020189672709,
    0.0
  ],
  "state_99": [
    0.01767529107630255,
    0.013663160130381637,
    0.01343402743339539,
    0.04257327623665342,
    0.0820507316291333,
    0.06606105908751493,
    1.0,
    0.01641357183456421,
    0.015176941007375724,
    0.012813304662704472,
    0.03566990368068252,
    0.08074410967528822,
    0.0527941926196219,
    1.0
  ]
}