{
  "state_01": [
    -0.6874538064002991,
    -5.257390398583084e-07,
    -2.296771708643064e-05,
    -1.701419711112976,
    -0.014642953872680664,
    -0.6250180006027222
  ],
  "state_99": [
    0.06428582221269608,
    2.590343952178955,
    2.552205801010132,
    0.8774942755699158,
    1.2703670263290405,
    1.5112078189849854
  ]
}
