{
  "state_01": [-0.017218, -0.017063, -0.014734, -0.056129, -0.066063, -0.064702, 0.0, -0.011274, -0.010047, -0.011743, -0.051735, -0.046500, -0.062384, 0.0],
  "state_99": [0.020360, 0.011147, 0.015919, 0.044849, 0.084107, 0.077415, 1.0, 0.017760, 0.017493, 0.015861, 0.050819, 0.081493, 0.067322, 1.0]
}
