{
  "state_01": [
    -0.006574049624614418,
    -0.008750276695936919,
    -0.0042073508072644475,
    -0.020765029061585664,
    -0.048486028127372266,
    -0.052051725573837755,
    0.0,
    -0.00545551155693829,
    -0.005445575769990683,
    -0.004421286531724035,
    -0.026857928056269884,
    -0.03897744189947844,
    -0.03815463334321976,
    0.0
  ],
  "state_99": [
    0.011291854558512572,
    0.0062301698001101715,
    0.004566648532636465,
    0.03863867852836849,
    0.07785359263420105,
    0.05548118863254795,
    1.0,
    0.01122528398409486,
    0.009393632756546153,
    0.003831900209188467,
    0.013516894793137989,
    0.07453499540686608,
    0.04818528059870034,
    1.0
  ]
}