{
  "state_01": [
    -0.00824815221130848,
    -0.013049578294157982,
    -0.010461878031492233,
    -0.02120726741850376,
    -0.04378277622163296,
    -0.051965126767754555,
    0.0,
    -0.0070400231052190065,
    -0.006525658303871751,
    -0.009676760993897915,
    -0.02972381468862295,
    -0.036435697227716446,
    -0.03976500779390335,
    0.0
  ],
  "state_99": [
    0.013756452593952417,
    0.006898662308230996,
    0.011882521212100983,
    0.03838471509516239,
    0.07990597561001778,
    0.052427954971790314,
    1.0,
    0.013891338370740414,
    0.012884415220469236,
    0.011308667715638876,
    0.018972840160131454,
    0.07884710282087326,
    0.04834721051156521,
    1.0
  ]
}