{
  "state_01": [-0.017218, -0.017063, -0.014734, -0.056129, -0.066063, -0.064702, 0.0],
  "state_99": [0.02036, 0.011147, 0.015919, 0.044849, 0.084107, 0.077415, 1.0]
}
