{
  "state_01": [
    -0.013791631907224655,
    -0.01624807506799698,
    -0.013134740591049195,
    -0.03789029326289892,
    -0.06299889907240867,
    -0.060610518977046016,
    0.0,
    -0.010444179624319077,
    -0.010849628113210202,
    -0.01139198362827301,
    -0.04602579992264509,
    -0.05164418775588274,
    -0.05536552719771862,
    0.0
  ],
  "state_99": [
    0.01830911062657833,
    0.01157764684408905,
    0.014334353804588319,
    0.048128947727382194,
    0.08289721034467222,
    0.06617992050945762,
    1.0,
    0.017520802021026613,
    0.016141195148229603,
    0.013419255018234252,
    0.058482632823288444,
    0.08340135887265206,
    0.059680571034550704,
    1.0
  ]
}