{
  "state_01": [-0.013812, -0.017174, -0.013382, -0.048827, -0.067567, -0.054257],
  "state_99": [0.018735, 0.015243, 0.013892, 0.045088, 0.083566, 0.063444]
}
